<?xml version="1.0" encoding="UTF-8" standalone="no"?>
<?xml-stylesheet type="text/xsl" href="analysis-report-detailed.xsl"?><analysis status="analysed" version="1.0">
        
    <stat>
                
        <dependencies count="0" ucount="0"/>
                
        <errors count="0" ucount="0"/>
            
    </stat>
        
    <commands>
                        
        
        <command api="WndClose" grp="WndActions" name="WndClose" source-line="1" target-action="closeWindow" target-line="1" target-package="Window" uid="3c7d5561-54ad-4c48-8f53-d73a2610e062">
                                    
            
            <msg category="default" review="false" type="info">Command parameter [Wnd] of type [String] is not required. </msg>
                                    
            
            <msg category="default" review="false" type="info">Command parameter [ImgInd] of type [Image] is not required. </msg>
                                
        
        </command>
                    
    
    </commands>
        
    <variables>
                        
        
        <variable name="$my-list-variable$" type="List" value-type="Value"/>
                    
    
    </variables>
    
</analysis>
